post_id,asset_id,status,reserved_at,scheduled_at,published_at,channel,post_url
6abe60d340315cd9dbf7c2ed,AC-G002,reserved,2026-10-01T13:37:25.639612+00:00,,,Averion Software LinkedIn,
hermes-linkedin-signoff-20261002,AC-G005,reserved,2026-10-02T14:35:38-04:00,,,Averion Software LinkedIn,
linkedin-move-in-orientation-20261003,AC-G003,published,2026-10-03T14:46:17.629316+00:00,,2026-10-03T10:48-04:00,Averion Software LinkedIn,https://www.linkedin.com/feed/update/urn:li:share:7512161560941744129
linkedin-resident-access-20261005,AC-G006,scheduled,2026-10-04T17:34:21.533977+00:00,2026-10-05T09:00:00-04:00,,Averion Software LinkedIn,
linkedin-energy-onboarding-20261006,AC-G012,scheduled,2026-10-04T17:35:36.097217+00:00,2026-10-06T09:00:00-04:00,,Averion Software LinkedIn,
linkedin-iaq-communication-20261007,AC-G009,scheduled,2026-10-04T17:36:19.593948+00:00,2026-10-07T09:00:00-04:00,,Averion Software LinkedIn,
linkedin-rent-support-next-steps-20261008,AC-G007,scheduled,2026-10-04T17:37:12.381356+00:00,2026-10-08T09:00:00-04:00,,Averion Software LinkedIn,
linkedin-resident-energy-engagement-20261009,AC-G008,scheduled,2026-10-04T17:37:52.042899+00:00,2026-10-09T09:00:00-04:00,,Averion Software LinkedIn,
linkedin-waste-planning-20261010,AC-G010,scheduled,2026-10-04T17:38:34.622348+00:00,2026-10-10T09:00:00-04:00,,Averion Software LinkedIn,
linkedin-team-recognition-20261011,AC-G011,scheduled,2026-10-04T17:39:14.217380+00:00,2026-10-11T09:00:00-04:00,,Averion Software LinkedIn,
